{"cameraMode":{"drawMode":0,"name":"Shaded","section":"Shading Mode"},"sceneLighting":true,"audioPlay":false,"sceneViewState":{"showFog":true,"showMaterialUpdate":false,"showSkybox":true,"showFlares":true,"showImageEffects":true,"showParticleSystems":true},"in2DMode":false,"pivot":{"x":13.530609130859375,"y":-32.291839599609378,"z":28.71810531616211},"rotation":{"x":-0.3654548227787018,"y":-0.34504926204681399,"z":0.14805029332637788,"w":-0.8517462611198425},"size":112.02175903320313,"orthographic":false}