{"cameraMode":{"drawMode":0,"name":"Shaded","section":"Shading Mode"},"sceneLighting":true,"audioPlay":false,"sceneViewState":{"showFog":true,"showMaterialUpdate":false,"showSkybox":true,"showFlares":true,"showImageEffects":true,"showParticleSystems":true},"in2DMode":false,"pivot":{"x":2.2386131286621095,"y":2.0686683654785158,"z":-20.48208999633789},"rotation":{"x":-0.09975939244031906,"y":-0.7482501268386841,"z":0.11562278121709824,"w":-0.645610511302948},"size":27.686580657958986,"orthographic":false}