{"cameraMode":{"drawMode":0,"name":"Shaded","section":"Shading Mode"},"sceneLighting":true,"audioPlay":false,"sceneViewState":{"showFog":true,"showMaterialUpdate":false,"showSkybox":true,"showFlares":true,"showImageEffects":true,"showParticleSystems":true},"in2DMode":false,"pivot":{"x":2.965049982070923,"y":0.34427252411842348,"z":27.221942901611329},"rotation":{"x":-0.11943460255861283,"y":0.5247198343276978,"z":-0.07464520633220673,"w":-0.8395640254020691},"size":1.6713829040527344,"orthographic":false}